k,inertia,silhouette
2,1720.3552635052579,0.8700746305149241
3,1035.297201208508,0.4394944205571842
4,723.6271459573782,0.47928603568354394
5,558.6286340651862,0.4855736081049204
6,456.0695520916853,0.4820798877821687
7,378.5407273748489,0.48019616970654716
8,325.952505905711,0.4999883066430379
9,279.0878659893777,0.4980140975729137
10,245.1801656509462,0.49737040251926373
